Subject,WA_AVG,BVT_AVG,BVC_AVG,BVC_SD,BVT_SD,WA_SD,BVC_NORM,BVC_SD_NORM,BVT_NORM,WA_NORM,RTQ_AVG,RTQ_SD,RTQ_NORM,RTQ_SD_NORM,BR_AVG,WL_AVG,WL_SD,BR_SD,BR_NORM,BR_SD_NORM,WA_SD_NORM,WL_NORM,WL_SD_NORM,Treatment,M_Stress
T003,40136.76171666659,124.6897294552272,396.52518014901455,90.88583055443469,17.584680929206545,10036.773848164046,0,0,0,0,0.8251384550273851,0.08605895932863954,0,0,19.16919870691887,79.575,17.045507317997053,2.6755100077385006,0,0,0,0,0,RB,-1
T003,47439.66778947361,173.67665357293018,679.9278741615481,465.67986129898077,47.18109188417561,35232.22941214093,1.7147155040848365,5.12378946705085,1.3928705622486164,1.181950555063702,0.7937732327456642,0.23436943289648113,0.9619879280978609,2.7233589009771513,17.249114250878403,99.94736842105263,46.97163372717623,6.006286382372763,0.8998349130082606,2.2449126951498983,3.510314165202168,1.2560146832680192,2.755660647165512,ST,1
T003,44019.81271264362,161.44549020019124,605.3616127845136,375.0687229839099,56.05112387800361,30583.801481242936,1.5266662575048022,4.126811855003824,1.2947777728410428,1.0967454978901454,0.8135792793443982,0.2084580536594408,0.985991228971866,2.422270212022749,18.039063693984893,94.0185676392573,40.70706603416441,5.402489667537923,0.9410442225461375,2.0192373236923253,3.0471745148305205,1.18150886131646,2.388140480347271,DT,2
T003,85342.83288888866,152.70350477030487,1263.721719507161,418.29829989397996,20.397714071709558,19301.70199901695,3.1869898376497883,4.602458901923623,1.2246678650877711,2.1263009081634627,0.4104023070067327,0.08529856152451082,0.49737387041682846,0.9911642226438628,7.958955608217532,206.0,64.06832290609768,3.7554392776134926,0.415195007882351,1.4036349207259413,1.9230982276787745,2.588752748978951,3.7586633070435407,PR,0
T005,20364.214999999884,45.39952304412803,176.20048647166578,15.929081775796146,5.096454456151215,2455.7017238101603,0,0,0,0,0.6016178982304349,0.09275980299410971,0,0,15.616771403737435,97.1,12.377998374131417,1.7905974186767628,0,0,0,0,0,RB,-1
T005,26780.873416666742,65.62660035200074,227.12867339568092,91.94240079415103,13.622778982958101,9871.407881418156,1.2890354501501602,5.771983726887213,1.4455350178065114,1.3150948080575113,0.7739750415230882,0.13522096351696322,1.2864893876987618,1.45775388856259,18.526610058331862,86.33333333333333,28.75627114550678,4.1417410550409555,1.1863277997331791,2.313049830096186,4.019791078739851,0.8891177480260899,2.323176193463077,ST,1
T005,31514.761858895683,62.26720859755899,301.56791164640487,281.8839551810834,36.31696154270755,37473.872525035666,1.7115044213847788,17.696183568433888,1.3715388273360423,1.5475559386352906,0.7349988232433213,0.20990292334144225,1.2217037182657058,2.262865126554561,15.190766433203247,116.82515337423312,58.59579187895723,5.429103492718966,0.9727213161081275,3.032006768294701,15.259944708143475,1.2031426712073443,4.733866503118602,DT,2
T005,54434.40874358976,89.4165382911942,490.82443583288745,231.10245043901182,29.732845007670132,42041.36439144923,2.7856020471987475,14.508209179399556,1.9695479664903512,2.673042331540404,0.4377336961149853,0.36961377688766583,0.7275942045649084,3.984633051787922,11.686736281157769,138.92307692307693,43.760966879426036,4.120744229380861,0.7483452231593066,2.3013236735402303,17.1198985543813,1.4307216984868891,3.5353831497410266,PR,0
T009,67663.9999333333,233.45344716043152,642.0013207085502,147.14363488635297,26.711864982471205,19125.188960539348,0,0,0,0,0.9451108895650352,0.079897278172936,0,0,21.710119245721835,69.34285714285714,7.469441030362501,1.856141110185217,0,0,0,0,0,RB,-1
T009,39277.21501257863,211.86346763691057,516.0182271726587,295.9781172544274,40.99528678182497,30284.549253468947,0.8037650555035476,2.0114911357397647,0.9075191230366193,0.5804743297954147,0.8972702975523689,0.14840506748241206,0.9493809747185499,1.8574483496320409,25.484193229646007,61.509433962264154,22.635786776147334,4.566868307354886,1.1738393944873373,2.4604100853620854,1.583490197976841,0.8870334522782223,3.0304525712346098,ST,1
T009,46159.51986546183,202.98408205497844,577.0625765737076,277.3040177808598,47.03057803262246,27008.384595921038,0.8988495162857727,1.884580450897769,0.8694841927756405,0.6821872770001922,0.9276224711616815,0.2260762733197055,0.9814959084733408,2.829586670404067,22.750960478264897,71.11244979919678,24.819302488184473,5.319453792737902,1.0479426769039129,2.8658671280693175,1.4121891632886316,1.025519465583802,3.3227790924778158,DT,2
T009,72031.2705000001,340.7497371747113,1397.7138939395732,788.3398916224398,90.70814629982927,31495.117928034797,2.1771199666645145,5.357621430456829,1.4596046506031872,1.0645434879843005,0.7810383243464325,0.2759489986996185,0.8263986088509537,3.4537972382780375,18.064069671919516,101.72222222222223,55.48567382667349,8.077496815439345,0.8320575980014111,4.351768715813488,1.6467872810573583,1.466945932335302,7.428356901290203,PR,0
T011,26732.98934408599,98.92978120254703,351.9932396852546,148.18844109198915,10.311045252054955,11102.308395497723,0,0,0,0,0.6971166471321261,0.20033617938956477,0,0,17.19715966257863,88.80645161290323,26.085470872376614,2.6995791099713733,0,0,0,0,0,RB,-1
T011,39367.62279487184,135.6381272445618,436.39882512469615,103.5498148498252,27.403074490532518,9307.562494099091,1.2397932003322432,0.6987712002823879,1.3710545560275602,1.4726232928223175,0.7670848539389146,0.1017000946798501,1.1003680045436173,0.507647170819249,18.95882196895271,79.38461538461539,12.66443304559855,1.8586307448142196,1.102439143494579,0.6884890825940377,0.838344798445119,0.8939059487552041,0.4854975824496094,ST,1
T011,59832.696779661004,169.78979657982507,705.5701521291288,437.92103986553053,63.755859612090866,32751.80996780798,2.0044991567452706,2.9551632815523554,1.7162657646255228,2.238159601589693,0.778606496485914,0.20244677879729348,1.1168955721958866,1.0105352883046876,16.1235783061774,103.65254237288136,43.88974893823017,4.4453847874151,0.9375721702033525,1.6466955056050347,2.9500000181124224,1.167173561045885,1.6825361962205374,DT,2
T011,81719.27260000017,272.74540381263773,1839.6433485882894,932.6488668517824,95.19053949426868,48051.34105123075,5.226359887574154,6.2936681159418715,2.7569595373330884,3.056869979940292,1.237262422655089,0.41990665545841216,1.7748283988699354,2.0960101003118385,8.985242647099344,175.8,57.98873923056976,3.177070185180039,0.522484109201557,1.17687611874198,4.328049567666201,1.9795859062840537,2.223028271725673,PR,0
T016,25595.059833333362,79.90290543398721,298.80730598702144,57.70009637690558,9.543304098409132,4055.3570002511806,0,0,0,0,0.7922622140449673,0.1466375640230987,0,0,16.737905691311912,94.86666666666666,28.055678458201648,3.978466282457871,0,0,0,0,0,RB,-1
T016,16239.638210145007,65.48556954226133,188.53318769022513,29.769068676113005,5.788644630255252,2183.7025766704173,0.6309524028117772,0.515927538173542,0.8195643097905001,0.6344833071652188,0.8131680985715605,0.16434736073162462,1.0263875824897117,1.1207725784761144,21.07109741177418,72.3695652173913,12.15974403513495,2.9323980872318898,1.2588849405879663,0.7370674724985411,0.5384735737285677,0.7628555715115035,0.4334147204192895,ST,1
T016,16153.93933193277,70.26691937955464,223.73617306761426,118.91700452961415,12.312942479642865,4909.122138390261,0.7487640649500455,2.0609498423162185,0.8794038088841029,0.6311350486039856,0.8365422991983148,0.17826294322556002,1.0558906942276995,1.2156703803227367,20.61142864693009,79.82563025210084,39.388872721049594,4.952213565690939,1.231422199829265,1.2447544390476757,1.2105277385162885,0.8414507756721803,1.403953669476664,DT,2
T016,19706.973967742026,94.64385771656505,368.4650129778732,165.5103114791976,22.256034376052273,7132.951519024093,1.233119156041912,2.868458146032543,1.1844858106537348,0.7699522523513279,0.8207458942957996,0.30251152170465934,1.035952339700017,2.062987909816935,17.64006662579607,98.51612903225806,44.19592824527947,7.283778383824927,1.0538992721743223,1.8308005816063007,1.7588960771104227,1.0384693854419333,1.575293511833055,PR,0
T019,32682.48441975312,83.36567929987788,321.3742348492623,38.367353388734934,10.365476164679315,4971.855977624943,0,0,0,0,0.7141010451804172,0.0913411611067214,0,0,15.714466526136809,96.66666666666667,13.391658006449845,2.034096535877596,0,0,0,0,0,RB,-1
T019,26273.558056910635,85.23501480906492,275.54932362902815,68.31090949494497,17.077635225929473,6009.130852618733,0.8574095050223055,1.7804436183758712,1.0224233224617865,0.8039033299754603,0.7340317643780032,0.2642558027973241,1.0279102226948156,2.893063757844859,19.133352544576596,81.8780487804878,19.471186294815737,4.482841767272533,1.2175629705757676,2.20384907412393,1.2086293085845372,0.8470142977291841,1.4539787594215594,ST,1
T019,28299.640278714796,84.36034914679178,305.5514874929551,180.60337282454168,23.71946212950407,18184.387748768273,0.9507653519152565,4.707214776966315,1.0119314069682792,0.865896237117477,0.8363596131924846,0.2567185239457192,1.1712062583260594,2.810545879154895,18.783559867297825,89.73493975903614,39.473574465026026,5.3509410092375225,1.1953036926870155,2.630622939893508,3.657464703443594,0.9282924802658911,2.947624143777739,DT,2
T019,34936.511888888665,94.93538385887723,697.918593252678,102.612905401738,14.462746222894964,3843.613967368877,2.171669404611824,2.674484850755076,1.1387825860253777,1.068967445687,0.5215833333333333,0.13242410607768387,0.7304055033297921,1.4497747179167328,8.155101765144028,185.0,44.042706547168514,2.8724263228306435,0.5189550502131396,1.4121386434549708,0.7730742774260675,1.9137931034482758,3.288816554750439,PR,0
T031,22715.54791666672,45.467822037684556,222.35012337607486,35.87262260594142,4.2559435441159055,6227.011545631352,0,0,0,0,0.7225314128749105,0.12667645276301545,0,0,12.516905046803124,121.75,19.020862490343156,2.052472410397622,0,0,0,0,0,RB,-1
T031,23126.43134234224,68.87139737363954,265.3186415655945,173.72029965901788,23.426694331831353,17048.528499915763,1.193247107476726,4.8426986107853,1.5147283130596771,1.0180882022825453,0.8303980823289333,0.2317914300273295,1.1492899374780503,1.8297909751306478,16.705190633991293,97.43243243243244,36.2244809176264,4.549229306909373,1.3346103187271423,2.2164630734442166,2.7378347342035037,0.8002663854819912,1.904460480486491,ST,1
T031,27279.53028915665,75.16094498067577,344.33448576561653,224.9012401975473,29.82712828920329,21694.959967527608,1.5486138731896353,6.269439585392843,1.653057956424238,1.2009188767637549,0.8771019662043652,0.31280399316886776,1.21392918089807,2.4693144333150623,15.08199936947771,114.58433734939759,58.23413060084897,5.0364277245127145,1.2049303971775134,2.4538345553385614,3.484008309370811,0.9411444546151753,3.0615925345348716,DT,2
T032,110294.96094736834,161.65979692292336,927.5109603984213,176.00396861986914,28.073910751317865,25328.126954136722,0,0,0,0,0.7001223898235287,0.13610159124177693,0,0,10.467826519850727,144.31578947368422,13.973898570901438,1.0519696320421397,0,0,0,0,0,RB,-1
T032,98105.2030929487,183.59063089937186,1220.3613482085332,591.4440825517271,56.17457754933511,50029.17800293084,1.315737926896643,3.360401968146068,1.1356604078063066,0.8894803738111257,0.7258347580952387,0.1912357540657979,1.036725533485925,1.4050956518655113,10.254938440778439,170.8653846153846,83.33861547885213,4.6258330720707574,0.9796626282764072,4.39730666282718,1.9752419155795418,1.1839687482466474,5.963877228391537,DT,2
T035,7843.595503267941,53.66530289072915,148.88263665346892,87.93739995917434,8.220945660072006,6309.593549720584,0,0,0,0,0.9162142546303363,0.24111058859664794,0,0,23.790604832011184,69.3529411764706,31.89689468196612,5.964649318905321,0,0,0,0,0,ST,1
T035,7614.85229361704,49.98965295350744,163.37034670797482,82.05328055866381,7.144392497886895,3453.925027921167,0,0,0,0,0.8430796560725238,0.18976684178581354,0,0,20.57348065783053,81.45744680851064,37.207964662159206,5.492949843825959,0,0,0,0,0,DT,2
T035,12198.74977777774,52.691646389062164,370.4854657773979,101.36836949280224,2.5583718855593,3124.0812108233963,0,0,0,0,0.7443956252140395,0.7706136843033896,0,0,8.384359588238512,180.66666666666666,43.83332065906027,2.894206208293195,0,0,0,0,0,PR,0
T046,110376.26971929825,188.50919021728075,1040.6478186112347,397.7972741698492,51.43731706750654,42859.583012623596,0,0,0,0,1.148367995430253,0.13970575222112855,0,0,11.1360372922066,136.57894736842104,20.475083026530335,1.5599367977134857,0,0,0,0,0,RB,-1
T046,53177.991874074,210.31335329989184,645.9170621643141,389.2958652588944,66.31342683915148,35989.42778259025,0.6206874704511497,0.9786287904342832,1.1156663134432812,0.48178826852287016,0.8977988760651701,0.21317456501382945,0.781804160023457,1.5258825182546045,20.550409888185314,76.42222222222222,24.47163711498211,4.009072655586662,1.8453970069377579,2.5700224915926433,0.8397055046473539,0.5595461357311068,1.195191105368085,ST,1
T046,57688.23876641732,217.14930321574153,782.3710627839461,533.3029602912109,68.11365359652086,41596.66989027986,0.7518115627513984,1.340640056933885,1.1519295317403329,0.5226507374558527,0.9000230186276023,0.19265563439945363,0.7837409455933116,1.3790100359970514,19.49045648012418,88.56109725685785,42.240713228588035,5.931930844485321,1.7502147279772764,3.8026738347221434,0.970533704866616,0.6484242188363388,2.063030131494713,DT,2
T046,60967.326571428486,165.34614190893132,973.6464350612649,549.9175718453328,25.562156245626397,19594.025445208208,0.9356156978838581,1.382406586352153,0.8771250978180369,0.5523590054862031,0.5324181728018813,0.16523110365602262,0.4636302778556651,1.182707948878813,9.928707965122884,154.85714285714286,76.33616362212088,4.7212646586898,0.8915835772273636,3.026574323786775,0.45716789730401963,1.13382879163226,3.7282468414515946,PR,0
T047,10201.595710144864,46.50101925264321,215.2666342147494,64.69511734543966,4.451667011344543,2576.082500849717,0,0,0,0,0.6217631990101947,0.12913840908340632,0,0,13.545301101874019,116.65217391304348,35.352533148276656,4.470931659921354,0,0,0,0,0,RB,-1
T047,6683.188021505312,49.302801847702966,198.61182845972698,100.92582827625282,11.969198935908995,6184.291796210549,0.9226317361453813,1.5600223388939731,1.060252068451177,0.6551120247648404,0.7321028097564871,0.19060693530698222,1.1774624341259592,1.4759894957655502,16.723916064507033,100.35483870967742,45.361257806916335,5.631817149066937,1.2346655078928623,1.2596518080453065,2.400657507735358,0.8602912002693182,1.2831119517422072,ST,1
T051,59346.65157894751,128.81800023195368,671.979542222787,151.69887268527714,20.792892104167095,13482.069661070173,0,0,0,0,0.6652436000392534,0.08193052548336904,0,0,11.9100253041096,127.15789473684211,22.758816287778714,1.5402615033344627,0,0,0,0,0,RB,-1
T051,36824.54269892467,127.68755294485155,450.92632644254604,257.2294733361742,37.64061892636801,23223.690003604883,0.6710417477159545,1.695658436894496,0.9912244617594854,0.6204990798838552,0.8649528004143443,0.14052028281605955,1.300204617321094,1.715115117192597,17.880395983831658,88.96774193548387,28.647087938967204,3.852003148254825,1.5012895042013015,2.5008760784553448,1.7225611933057943,0.6996635334330271,1.258724864102464,ST,1
T051,56543.728277777635,154.33651854246784,924.5609635401928,204.54631889799327,22.119282840975828,5559.553120871884,1.3758766531521363,1.348370724694549,1.1980974573783534,0.9527703210442933,0.5012180146045184,0.14133917812335817,0.7534353048641783,1.7251101135931124,10.46057369580805,145.33333333333334,31.92545027090456,2.1808427002564104,0.8782998716382733,1.4158911947972301,0.4123664437757089,1.1429359823399559,1.4027728800661854,PR,0
T061,26982.793873563216,92.17428299482839,357.94726632118216,141.48157297435688,10.630451596578133,7843.24379941133,0,0,0,0,0.6543704594387184,0.18311271000957274,0,0,15.921177743991246,96.17241379310344,33.4843992748427,3.4184412737437175,0,0,0,0,0,RB,-1
T061,20221.7335042735,96.67227912215188,306.5865819554306,87.33776909950146,21.87211787972296,3997.1003650600915,0.8565132655052429,0.6173084399855462,1.0487988187288189,0.7494306778990013,0.7759547094712921,0.13433867662035598,1.1858033905394534,0.7336392793997372,19.45537940051411,79.12820512820512,17.50121946970637,3.3070947311687506,1.2219811695687335,0.9674276859953117,0.5096233736046929,0.8227744527493541,0.5226678646988684,ST,1
T061,25322.396333333352,95.70177925099507,355.8212125432535,168.80211946916222,35.38770075368692,10613.483886205053,0.9940604273926178,1.1931032142239266,1.0382698529519845,0.9384645805022933,0.7651824627774485,0.193881948903447,1.1693413902482368,1.0588120775084988,17.211611190720248,93.34582132564842,33.381335021289196,4.080498998302383,1.0810513812155649,1.1936723996529597,1.3532008130362647,0.970609113819937,0.9969220217239813,DT,2
T061,54915.77453333316,119.0789156861667,839.6749841466619,196.09926411369054,21.46244863800199,11163.457177291331,2.3458063886796965,1.3860410228067859,1.2918887114407804,2.0352145441520677,0.5035267655425538,0.217738686052621,0.76948272691657,1.1890965189758707,8.873008877869802,180.6,56.02008568361887,3.3994689618929206,0.5573085748143558,0.9944500108875589,1.423321455101166,1.8778773754033704,1.6730204780979168,PR,0
T063,14888.491318840372,80.22016283189005,323.1310830737224,159.47087457408622,9.867310900674395,12791.623298808381,0,0,0,0,0.7754853264849878,0.3031579690764526,0,0,15.165202436115873,100.65217391304348,52.21779007196685,3.1391238658181706,0,0,0,0,0,RB,-1
T063,26492.6818666667,94.93894969136458,314.85801537643863,98.75853163967349,12.39110924823996,7693.233076686989,0.9743971777069919,0.6192888319164057,1.1834798925841041,1.7794067443987434,0.8282324522621958,0.11153108865149004,1.0680182125641149,0.367897598045207,18.342551798997185,82.45,19.79755819937389,2.452701087392206,1.209515789602285,0.7813330063523768,0.6014274261347003,0.819157667386609,0.3791343557835133,ST,1
T063,35588.44904657537,98.041240397851,409.92125756572415,253.15705843080966,44.20119912125952,23686.57718091501,1.268591228260763,1.5874814702492845,1.2221520991338166,2.3903327935947822,0.7941784400440287,0.21301381185077728,1.0241050512764316,0.702649554289163,15.971346913328611,103.36164383561643,43.23932708005616,4.0293335263535495,1.05315751508156,1.2835853883399908,1.8517256666807536,1.0269191396195152,0.8280573923267046,DT,2
T063,72516.85473015874,217.3719062712816,878.8120491335305,306.62654406518914,75.11182382137413,16918.89174691716,2.719676611652459,1.9227745811523598,2.709691661020531,4.870665077958141,0.631320165855198,0.4364729069190363,0.8140968555997808,1.4397540274092657,15.999535834632189,106.23809523809524,43.79825720954628,7.780855205380793,1.0550163047299226,2.4786709725303617,1.3226540018961674,1.0554972745037539,0.8387612181439175,PR,0
T064,24547.500958333218,92.15148279981604,382.2595800062836,132.4178805988937,13.07453014547199,8967.622632815983,0,0,0,0,0.8789941568814515,0.1364332594097375,0,0,15.501139475886676,101.75,32.071411627600405,3.6503101857730074,0,0,0,0,0,RB,-1
T064,14167.68006140359,93.8652405209285,301.13100411486556,130.47548911629818,16.013440236983758,6176.8803559751905,0.7877657483689894,0.9853313504655824,1.0185971800891724,0.5771536616070094,0.904227296608869,0.13707091287348155,1.028706834431006,1.0046737391344516,19.790353680020562,79.63157894736842,29.101965139832053,4.3844488268630855,1.2767031553264918,1.2011167828836478,0.6887979801214659,0.7826199405146774,0.9074114191714321,ST,1
T064,14840.683669452124,69.58567508392343,258.49446950745926,86.83154332972477,9.175236900198996,6069.063496413926,0.6762275768293632,0.6557388091170688,0.7551226846244773,0.6045700413513625,0.8961744003197324,0.2389142954391903,1.0195453443049427,1.7511440866605767,17.27989611253544,92.95543175487465,28.36312910794483,4.103473012320343,1.114750056885545,1.124143649028383,0.6767750768419811,0.913566896853805,0.884374203333655,DT,2
T064,19520.601181818256,84.68868039953256,408.7625305113757,136.0421244718679,11.579803616391589,8186.227818779271,1.06933233826254,1.0273697468694003,0.9190159271067272,0.7952174526829598,0.7533106177932218,0.35556802529354714,0.8570143634013025,2.60616822343665,13.247517815865251,126.36363636363636,44.861258836313304,7.405759411140258,0.8546157420538585,2.028802768598685,0.9128648867117481,1.2419030600848782,1.3987927739889707,PR,0
T065,41657.798155555625,136.2755804944855,459.6229427894231,99.41391653445355,15.16318579506509,9472.14078694877,0,0,0,0,0.7366617987767792,0.10785273258279969,0,0,17.785620899530727,85.46666666666667,13.207737729736309,2.4642275068775783,0,0,0,0,0,RB,-1
T065,55499.74407092199,255.44633123261576,727.6419434363917,297.20924999305026,62.066995816995345,17386.391015724334,1.5831279853446345,2.989614134053832,1.8744835304000236,1.3322774253137128,0.8842205241831966,0.1551076308377119,1.2003072857197665,1.4381428001245506,22.557966646470447,72.76595744680851,39.41714035504431,5.954657845999819,1.2683260693510925,2.4164399713015796,1.835529201559192,0.851395757957978,2.9843975676696957,ST,1
T065,48449.4658237443,144.20667120068262,571.4429242318524,385.7494293151054,52.706632730682635,31183.558149292094,1.2432863354553207,3.880235713089701,1.0581989133887275,1.1630347250430209,0.7594466044085066,0.2035626133831013,1.0309298047890654,1.887412664550007,17.431330728302846,101.67397260273972,56.76779598325404,5.76448711692059,0.9800799661013112,2.3392674178143436,3.292134149046696,1.1896330647746458,4.298071111409585,DT,2
T065,68314.5093611111,194.20947006196585,1094.4596225045436,429.4001773406621,28.47885249677607,21144.095710610523,2.3812119035275656,4.319316573669505,1.4251230437416826,1.6398972673979515,0.5544896896890611,0.3787393449072655,0.7527059101066278,3.511634205619253,13.102854966232998,146.0,66.61050355366989,8.647918317251543,0.7367105731225114,3.5093830797341097,2.232240439219823,1.7082683307332294,5.043293932442415,PR,0
T068,78044.84116666664,88.15786775051849,663.0465830049976,412.2444211025615,38.84868015120446,48032.033054150044,0,0,0,0,0.8793133566008332,0.33025781184652164,0,0,9.581109796444768,185.92857142857142,102.43395356887285,4.180871803619438,0,0,0,0,0,RB,-1
T068,28215.476295238175,79.96292792943194,284.36332068244604,205.42382200203127,19.46364379861181,25551.645061955656,0.428873819685008,0.49830588720307817,0.9070424452156925,0.36152903732590536,0.8157597936309658,0.18666343558604515,0.9277236465330782,0.5652052090528351,18.32457741290097,88.2,40.54585550745308,4.43223659251554,1.9125735746917978,1.0601225774678122,0.5319709251771502,0.47437572032270464,0.39582437360666284,ST,1
T068,43761.342363440825,101.99563313509857,466.7744261162264,316.4948053475752,34.39751710273982,34306.77352121244,0.7039843626080615,0.7677358119270584,1.1569657449490514,0.5607205000262275,0.8808729509908354,0.48263497193884053,1.0017736502900754,1.4613885111160734,15.503193027616996,112.17096774193548,55.961306061725566,5.042555584556343,1.6180999233898476,1.2061014595546635,0.7142477913132657,0.6033014016085658,0.5463159832457235,DT,2
T068,85371.34308333369,249.28676416907706,1416.7533345682673,417.06123670318965,48.00127306631947,26975.915589273573,2.1367327287132536,1.0116843681904668,2.827731324838116,1.0938755439455778,0.9034999289489565,0.3109013846282692,1.0275062037515517,0.9413899489310255,11.451367213219779,139.5,44.11884203174673,4.963983948437624,1.1952025868098288,1.1873083370172304,0.5616234390674582,0.7502881290818287,0.43070525440651697,PR,0
T077,7092.7501269840595,64.70340873607479,312.7845566258554,142.52747432059257,17.44964892539892,6599.108863986641,0,0,0,0,0.882207014434409,0.2543236854101351,0,0,12.792904105776161,121.71428571428571,27.664066351636567,3.084476833516772,0,0,0,0,0,RB,-1
T077,2369.3950294118154,67.38594941680307,246.09372394182344,82.07060501627511,17.01218660762442,1069.6773270918654,0.7867834863605311,0.5758230503100793,1.0414590318057333,0.3340587201003395,0.8803083811542249,0.19823790986583903,0.9978478596869905,0.7794708917738065,16.946487831298988,91.70588235294117,21.064037429692963,3.9849883030589566,1.3246787196386027,1.291949500076311,0.16209420834522406,0.7534520850593759,0.7614223144909007,ST,1
T077,6819.063629301836,49.395426135102525,200.28750309814382,88.66462462994106,7.320702746712284,4087.9847522267496,0.6403369311411446,0.6220879521832,0.7634130426819778,0.9614132046410326,0.9094656038297128,0.3257908585123606,1.030898178034528,1.2810087192114017,17.005134302145038,101.30088495575221,42.4521657410568,6.020191137375007,1.3292630165551698,1.951770579684035,0.6194752710530561,0.8322842660683868,1.5345598583176256,DT,2
T077,13986.399083333183,59.803932215969326,302.63064892468805,80.7721834817578,13.44609855359793,4919.59616276076,0.9675370555033087,0.566713076666705,0.9242779226657064,1.9719289179697077,0.5144678306629192,0.22753865986332672,0.5831599865398365,0.8946813565413165,12.507710207357574,128.2,36.22427842079726,4.791492039072658,0.9777068681152844,1.5534213086015074,0.74549401504929,1.0532863849765257,1.309434338406808,PR,0
T078,1043.911226190427,49.5287923551035,182.05519559005765,83.10503654337045,7.70476809822728,487.63677698511015,0,0,0,0,0.9871305139561717,0.3046395652899495,0,0,19.14994167567368,93.39285714285714,39.38217306797018,10.85490310443568,0,0,0,0,0,RB,-1
T078,3005.0329215686274,45.888048938761735,189.33332030556605,70.88703801430984,6.038263138423252,1114.2262071313241,1.0399775721418953,0.8529812507490525,0.9264923846671053,2.878628801162503,1.1282604150060036,0.34868178200597133,1.1429698495330862,1.1445715584385874,15.80767140170655,102.91176470588235,36.88968372637666,5.001252169525695,0.8254683836341474,0.4607366939537226,2.284951135187547,1.1019232932178606,0.9367102130882493,ST,1
T078,4022.813060605983,38.76801382804763,235.50414999073737,109.48777162273547,5.0128609604419,2344.878613171539,1.2935865369150643,1.3174625290682176,0.7827369088689871,3.8535968956733435,1.2505988101903265,0.2695883888154751,1.2669032032838696,0.8849421399314517,10.595746172530692,155.0909090909091,68.84654060914139,6.406543826850031,0.5533043573699522,0.5901981588607733,4.8086582551650725,1.660629236919868,1.7481651022740237,PR,0
T079,49340.85755952411,120.84314669229845,526.0542507188085,290.3579714501493,39.332404082255344,32809.84593936481,0,0,0,0,0.7750903000708844,0.13732043417531603,0,0,14.892856633979346,106.03571428571429,27.196486701206258,3.505977428149414,0,0,0,0,0,RB,-1
T079,16683.470666666733,108.8362730243857,458.4889138651257,241.29299990550257,45.40000559857058,10523.228881656103,0.8715620361182131,0.8310190304071933,0.900640839000281,0.33812688898931337,0.9765126947157398,0.25050464002191297,1.2598695850360075,1.82423425563959,16.049252132529116,105.13333333333334,46.73424701169368,5.357323052752505,1.0776476620282072,1.5280540626812593,0.3207338705918907,0.9914898394521163,1.7183928029064452,ST,1
T079,23237.562998027617,88.76492553042173,373.72814650485697,155.9432251349552,19.575055605190418,16496.390566669757,0.7104365110522141,0.5370723054583973,0.7345466247783408,0.4709598524912979,0.8797024616386206,0.4047903552166245,1.1349677083536835,2.9477794593908104,15.572498792947927,106.56508875739645,42.56057600359499,4.797637795992257,1.0456354462862363,1.36841662398398,0.5027878094019823,1.004992416708353,1.5649291936560057,DT,2
T079,35407.97776666684,212.70610756280198,904.4334090654814,386.07397368122224,40.17098118669929,18341.069676844138,1.7192778270105222,1.3296482674576962,1.7601834558679041,0.7176198290423136,0.8926721020483435,0.29304092199025433,1.1517007785630988,2.1339935585706864,16.155481788388776,104.2,42.150194411045,6.198804935543455,1.084780588804477,1.7680675539361406,0.5590111489928934,0.9826877736611653,1.5498396860641377,PR,0
T082,19805.262128205002,74.92530047810723,290.757194581906,32.07089955183979,6.83460022339073,4202.261812046489,0,0,0,0,0.7085867648420476,0.12226961823940893,0,0,15.514809516053251,97.38461538461539,11.155841793537993,1.7675533441610396,0,0,0,0,0,RB,-1
T082,18610.466963964012,79.56114742151517,273.5113906344024,148.55704274478953,23.40715359569024,12710.659115178825,0.9406865788057208,4.632144555367402,1.0618729176102872,0.9396728426765196,0.8203237794330686,0.2848913209540237,1.157689954335978,2.3300254393220956,19.306164403717712,84.27027027027027,29.10323053568817,5.924899135860568,1.2443700571213283,3.352034129794703,3.024718516761994,0.8653345288416379,2.608788388568416,ST,1
T082,17475.172136904803,65.97172248864092,327.72384796088255,185.40451322905048,25.885465341067793,13453.156868617385,1.127139255942171,5.781082408660237,0.8804999388413197,0.882349954460745,0.7062639355948228,0.2968673947375064,0.9967218845136875,2.4279735146978854,14.331468566187397,126.20357142857142,65.5481462659277,5.896809974602139,0.9237282965903355,3.336142580410228,3.201408543858846,1.2959292484766418,5.875679081779053,DT,2
T082,37644.70717948725,94.42964770899333,612.1121292453697,298.65152339851346,20.413199706836494,17535.826370789902,2.1052346791471686,9.312227831831457,1.2603172373874585,1.900742688271558,0.45812750205161973,0.26750639690871153,0.6465369165535314,2.187840289031761,10.26664509618715,159.76923076923077,70.63017925945128,5.302159665258058,0.661731946213339,2.999716915347017,4.17294951031383,1.6406003159557663,6.331228119456097,PR,0
T083,31016.221088888993,88.26306822490801,277.82115108993355,76.02778909969977,15.631304590288279,5919.603807011132,0,0,0,0,0.883113977899293,0.172987707471625,0,0,19.127541338014204,80.7,16.206552494284526,3.353440604504021,0,0,0,0,0,RB,-1
T083,37768.500361111146,101.17660326963573,392.3893309478742,259.9482979212751,33.71075086875513,28575.243209827127,1.4123810566923098,3.419122152564366,1.1463073435405853,1.2177015456805935,0.8590644502893574,0.24049200901961573,0.9727673570888965,1.3902260023826456,18.07761341246869,95.41666666666667,44.85458962610533,6.066151210746234,0.945109101740176,1.8089335480099928,4.82722225024297,1.1823626600578274,2.7676823705673335,ST,1
T083,63214.633591691956,141.31210903726392,606.4401357431668,478.88279023146606,75.96709628876691,56820.7430206895,2.182843650902792,6.298786218858456,1.60103327336388,2.038115262672585,0.8622274924631567,0.3027695156095601,0.9763490489802685,1.7502371702291222,16.383135403588337,107.19756838905775,45.790696343216325,6.2567214752402815,0.8565207160749084,1.865761828862229,9.598740874075299,1.3283465723551147,2.825443372942214,DT,2
T083,109154.91633333336,167.1160488544644,953.5782816868151,198.38773963747232,50.35945282303727,40877.874045005374,3.432345874120045,2.609410874454269,1.8933858998491502,3.519284829074041,0.4301432728230674,0.07811143477400073,0.48707560245651477,0.4515432681065692,11.226824660144871,135.75,21.6794833886788,1.7535974748520418,0.5869455180751645,0.5229248648378555,6.905508439025927,1.6821561338289963,1.337698649748266,PR,0
T084,27172.56065384621,70.89695764322764,299.31204867745885,143.7730717146838,19.472501283512464,7654.652701682382,0,0,0,0,0.651057420645013,0.24220206430319435,0,0,14.83034528800661,103.0,33.599133704818726,2.457352050757719,0,0,0,0,0,RB,-1
T084,19822.380968749814,60.96813595002849,228.67905831796443,158.9749783140402,16.39470500461823,16055.495189887259,0.7640155460777688,1.1057354233171315,0.8599541923482299,0.7294999253573846,0.818761632875295,0.17861993113973043,1.2575874368563909,0.7374831079727285,16.753044224423615,94.78125,36.57987657499974,3.6120429517623434,1.1296462691244218,1.469892338238055,2.0974818604583447,0.9202063106796117,1.0887148727216593,ST,1
T084,28068.129389355727,78.71968210518975,310.2426076703488,191.1482613053115,31.62818386324111,18054.892562273177,1.0365189408217534,1.3295136497093372,1.1103393533658827,1.032958569746821,0.8659083605151053,0.2240994335723316,1.3300030581899152,0.925258148468126,16.726285576068076,95.56022408963585,31.55645874264251,3.5719876940031217,1.1278419518387561,1.4535921675942636,2.3586821330646357,0.9277691659187947,0.9392045348513477,DT,2
T084,39968.61357575757,155.76568247329396,679.076263254183,239.69224661296153,34.156373637341616,15624.416468385938,2.268790268399657,1.6671567474653972,2.1970714633080357,1.4709181841535464,0.6823451042370833,0.24034421790317692,1.048056719115609,0.9923293535694571,15.049916943317168,113.0,45.09519252524474,6.111256678966241,1.0148055659559139,2.4869276166928738,2.041165951912086,1.0970873786407767,1.3421534293539619,PR,0
T085,4417.713369047602,34.58590420050744,125.27620833366483,30.2086787699102,3.2664460913327997,698.358071613316,0,0,0,0,1.7645955348890943,0.22562075987233526,0,0,16.87341052872457,89.82142857142857,23.241748834562532,2.4200308504137142,0,0,0,0,0,RB,-1
T085,7144.033692982563,39.583066710075,142.16942209076205,30.29840395511634,5.014760497565881,2361.5245451878236,1.134847741496959,1.0029701790630947,1.1444855245245906,1.617133819282331,1.6735986108211551,0.3691680120027884,0.9484318517933582,1.6362324646529762,17.281369136032232,89.13157894736842,18.476860528780318,4.107437782095172,1.0241776021873688,1.6972667027748791,3.38153826980525,0.9923197656168254,0.7949858102460687,ST,1
T085,9462.154907894752,46.035044104062074,200.1885912247039,133.20932677508452,13.617206206330392,7879.103408778312,1.5979777316656563,4.409637633929546,1.3310348585128693,2.1418670967181064,1.1133327733882463,0.3384036916529215,0.6309280236607988,1.4998783438385859,16.344646349881042,107.96381578947368,54.13299449265769,6.760036472616799,0.9686628747671739,2.79336789093459,11.282325971512515,1.2019828398032857,2.3291274197128033,DT,2
T085,7873.519208333106,49.89507313899745,377.3628491115131,150.40133917839796,4.0359700997463195,4549.370443262391,3.012246731689327,4.978746019445492,1.4426418592307726,1.78226121764675,0.7832258448346292,0.14780745028848238,0.44385573314048726,0.6551145841903795,8.619032460054681,183.25,71.88574267544296,3.605661168011966,0.5108055923479139,1.4899236377071654,6.514380842985942,2.040159045725646,3.092957556126005,PR,0
T091,39958.35822222213,86.77585411576203,566.4368005440022,139.0366328499908,15.691640936209422,6705.1362082311425,0,0,0,0,1.0222098273558087,0.22177378475230244,0,0,9.419077568051422,161.0,23.582297676543394,1.3150580776135405,0,0,0,0,0,RB,-1
T091,10584.001583333393,89.54733533559774,274.97892095960157,140.76786655348437,11.931970063587569,7746.509557342493,0.4854538417975556,1.0124516371549461,1.0319383917113447,0.2648757870499116,0.9370621534543797,0.32726953579231716,0.9167023524693713,1.4756908088025018,21.517060817411835,75.57142857142857,33.865895660515,5.638660450566566,2.2844127423258063,4.287765344021265,1.1553097978580917,0.4693877551020408,1.4360727748000737,ST,1
T091,37319.34706107659,104.83640116828794,553.8581141318987,430.2305533299376,42.54293700306544,42050.85420961311,0.9777933100391376,3.094368329489979,1.208128715488441,0.9339559661968818,1.1087002875545853,0.5737919144895577,1.0846112587495906,2.587284674473233,15.4934802922396,123.48757763975155,65.43071655889267,7.259699292287035,1.6449042042919308,5.520440059545766,6.2714392226651565,0.7670035878245438,2.7745691898366056,DT,2
T093,6847.23682051281,66.2147266890373,359.9525044653084,120.50445242819039,11.215458055821886,2250.8862524851356,0,0,0,0,0.7733743873278379,0.10058052870266786,0,0,11.57648653886474,134.15384615384616,33.5495939632962,2.102473673789029,0,0,0,0,0,RB,-1
T093,5140.25175757582,52.7911361364285,202.9760101007153,52.367215936603046,8.883328145293982,2759.540423816643,0.563896646315119,0.4345666477992513,0.7972718272228215,0.7507045385339618,0.788695384385386,0.18919009274719306,1.0198105824405244,1.8809812911847905,16.03974997336859,96.36363636363636,21.284582903776975,3.1585182824404874,1.3855455987893839,1.5022867215018583,1.2259795095242674,0.7183069224353628,0.6344214754748643,ST,1
T093,8308.122698275885,51.280806016703686,216.42121970463256,91.90323371064933,9.872058686776246,5605.674238430027,0.6012493787926704,0.762654257654216,0.7744622470093784,1.2133540749440102,0.8060447142654188,0.20039364222246236,1.0422438698163554,1.9923701416887363,15.433058096993703,105.08333333333333,35.61857816089915,3.8142785140239894,1.3331383442792963,1.814186099724134,2.4904298172513033,0.7833046636085627,1.0616694258615007,DT,2
T093,27038.771733333077,75.01314199531495,413.2774370915148,388.05628875831854,55.24755069653704,37254.09303680044,1.1481443578380375,3.220265151526783,1.1328770161296209,3.9488588524250963,0.821558741643801,0.332829924883337,1.062304047180111,3.3090890371757298,10.68832802429348,154.7,67.48086148432508,6.354843315327331,0.9232790958129202,3.022555475748137,16.550855466671994,1.1531536697247704,2.0113763987173803,PR,0
T094,31085.571823529433,115.52638354971423,349.84795941905674,46.62702158237831,14.011363993198975,2679.6563476672063,0,0,0,0,0.8227660272950544,0.08842957341409619,0,0,19.863602685609028,75.73529411764706,5.225397970548969,1.3264535614366044,0,0,0,0,0,RB,-1
T094,13969.077070921918,89.40441543562245,239.76000559964368,79.93448968657071,10.86647461421835,3160.8724516525695,0.685326294307331,1.71433831657779,0.7738874245738787,0.4493749431480099,0.943309217919611,0.12146003551972695,1.146509683950925,1.3735228027275037,23.638559358073906,67.40425531914893,23.282253047233965,5.149438345962203,1.1900439075535776,3.8821097818043073,1.1795812751901151,0.8899979343110926,4.455594230038709,ST,1
T094,21110.592493306583,90.16933696287388,271.84902506128105,103.27547539706896,20.985841050513915,7222.784451302486,0.7770490515728674,2.2149275654377143,0.7805086093088988,0.6791122458081166,0.9081730391911085,0.18531297862881824,1.1038047379968279,2.0955995994805767,20.84668878755772,75.16064257028113,20.334767370196296,3.9811324338753993,1.049491832751011,3.0013357041792457,2.695414454017707,0.992412367918275,3.8915251019741888,DT,2
T094,33084.446666666576,124.8953713252897,501.4922555640661,174.3059972134426,17.546816162045875,12493.451451384413,1.4334577123068653,3.7383043415176624,1.081098252084934,1.0643023346806877,0.5901049528034348,0.23870327016168447,0.7172208540786232,2.6993601907801783,15.531971840249735,102.57142857142857,30.539996038386963,4.901827141083401,0.7819312581952964,3.695438184639135,4.662333460132182,1.3543411927877946,5.8445301602891115,PR,0
T096,31897.802300000145,62.94012176162197,306.6198929306421,146.9158673391901,19.959606684017086,22077.393160384767,0,0,0,0,0.5864393160938781,0.11131741911929628,0,0,12.789237670400462,121.65,30.861761892468778,2.738530310478732,0,0,0,0,0,RB,-1
T096,16273.375357142937,65.5605906675664,185.32273513800004,35.91129728270248,7.77082212872664,3434.6846288058446,0.6044054525187651,0.24443443675006687,1.0416343158004864,0.5101723060445096,0.7848999866021622,0.12296174898899408,1.338416380112745,1.104604741664185,21.408390107780253,70.5952380952381,12.880490083587208,2.576885363114193,1.6739379359043458,0.9409738330278764,0.15557473673880004,0.5803143287730218,0.41736081460502894,ST,1
T096,26708.862224719087,102.43788838387195,343.8014600151032,208.18207090378786,36.29902064496804,16988.695123021786,1.1212627358554053,1.417015565943944,1.6275451256964986,0.8373260945541369,0.8378713718950245,0.23075267555948958,1.428743518555118,2.072925130542214,18.768609440312783,85.77078651685393,26.645084392788014,4.59797139622449,1.4675315233018962,1.678992333453743,0.7695063905237671,0.7050619524607803,0.8633688668076412,DT,2
T096,36468.07813333338,98.81205680952202,543.2210290637879,270.68198255275445,23.31541343893907,14703.015899327589,1.7716431372789807,1.84242850997041,1.569937490489145,1.1432787058603475,0.39568388078254907,0.14940176325375926,0.674722635272986,1.342123851197528,11.879116141367833,138.5,45.971806847168715,4.020365807136162,0.9288369211294725,1.4680742410455,0.6659760866020353,1.138512124948623,1.489604093484606,PR,0
T098,58767.15142857163,81.66047350469908,573.8650424067306,196.3354540049984,14.549657452239106,17994.138678232554,0,0,0,0,0.7855432778597858,0.17886842877942136,0,0,9.061780677328429,171.42857142857142,41.02114546182249,2.136155444284276,0,0,0,0,0,RB,-1
T098,14137.534424242365,100.26831952848703,334.3358257577034,124.6370342306487,22.816034826039317,4590.426998095623,0.5826035758434309,0.6348167469919906,1.227868456122988,0.24056865239462544,0.9302128439472311,0.22078732570864118,1.184164985131816,1.234356041562336,19.411459969376384,85.57575757575758,34.602866461421065,6.078456963031504,2.1421242314925704,2.845512473961419,0.25510679228279187,0.49919191919191924,0.8435373042818909,ST,1
T098,19269.904503634498,88.61037852363619,394.57475746214584,230.895432330711,28.288202632667055,10756.452645828642,0.6875741303344427,1.1760251529753396,1.085107331866465,0.32790264689034737,0.9192388671268735,0.3473072944175291,1.1701950650400084,1.9416914252980038,16.209546820585533,109.98442367601245,51.28039433244676,6.492320391335231,1.7887816310915605,3.039254661315389,0.5977753555295584,0.6415758047767394,1.2500965966484854,DT,2
T098,16114.231952380987,74.56163890889795,497.4264243545698,173.8106839446604,13.94288837933442,4496.756259424436,0.8668003582661437,0.8852740572277662,0.913068902357116,0.2742047480720073,0.7458027892953302,0.4076311089916769,0.9494101856835582,2.2789438682572833,9.99577629927406,165.85714285714286,63.66314549054264,3.9903613342393585,1.1030697668817329,1.868010750302087,0.24990116725420966,0.9675000000000001,1.5519592340441244,PR,0
T099,40285.86578571424,48.19500643025611,349.2840739965528,64.00023665832798,5.592380033396976,6701.525081577866,0,0,0,0,0.9115587606851562,0.22236400712743187,0,0,8.518422226854794,177.07142857142858,28.29800953689146,1.012157081918154,0,0,0,0,0,RB,-1
T099,19899.69594252877,43.64161548192231,259.7788995322981,234.03840592874928,24.417916411958227,25992.58442314744,0.7437467633719307,3.656836570436263,0.905521520057828,0.49396222606652773,0.8869253839536053,0.7144991609708826,0.9729766441901829,3.2131961021975064,11.733443886718549,143.51724137931035,61.49361869721661,6.185695301710729,1.3774198524379577,6.111398529157278,3.8786073478408167,0.8105047919767425,2.1730722302941063,ST,1
T099,10638.465264480841,42.709896006813416,200.1662513279597,130.31836949928862,11.74183848466052,14491.167975888513,0.5730758034216448,2.0362169939309287,0.8861892376468442,0.2640743858173043,0.940391637426587,0.43650591504401925,1.031630299641637,1.9630241453324206,16.399484720567365,113.12786885245902,55.327638264634416,7.806072180147424,1.9251786638219328,7.712312959717695,2.162368684663131,0.6388826800864971,1.9551777375898136,DT,2
T099,21070.275461538193,63.768439564570286,430.5209377850293,142.04325206623503,7.811200617233626,9437.043584084411,1.2325810703561544,2.219417606602737,1.3231337494860755,0.5230190552094307,0.47460347071437536,0.18454538831173953,0.5206504409629594,0.829924728807305,9.6702917355275,163.69230769230768,54.52607938714586,6.904378987247798,1.1352209925731758,6.821450060066967,1.408193428989222,0.9244422378750735,1.9268521100772644,PR,0
T106,59575.16265476186,141.45651522034143,644.3455354098816,332.9343121270013,52.5628829184831,37981.90974954504,0,0,0,0,0.6961400897876454,0.2138497682927228,0,0,13.749130613858185,115.14285714285714,38.221285518237956,3.765360395625913,0,0,0,0,0,RB,-1
T106,48966.88679824569,175.71797263224883,598.3049423275876,71.6423961905352,26.704469311992902,7648.774499381726,0.9285467337753701,0.21518477844123932,1.2422048737630758,0.8219345884460082,0.740624485960935,0.15418680271446572,1.0639015003242513,0.7210052362713391,17.70631583895016,86.36842105263158,13.917951537492865,2.5315502573652684,1.287813486992654,0.6723261497906233,0.20137940798180495,0.7500979495886118,0.36414137695216114,ST,1
T106,47078.41864141421,153.1649387138381,609.9074499115086,265.1397258163851,43.685925473976035,13260.714588505902,0.9465533885068883,0.7963724859792907,1.0827704787952601,0.790235671100618,0.6791716822865628,0.19702249663725918,0.975625010324777,0.9213126495772955,15.903920353017563,101.41515151515152,32.467274606599126,3.9673675175440093,1.1567218902544643,1.0536488146400969,0.3491323810716164,0.880776750131589,0.8494553274799405,DT,2
T106,54185.96683333325,152.33878844486392,1137.372221567833,792.1245916205166,55.56836661906919,18343.761849978953,1.7651588457803575,2.379221854785434,1.076930166189741,0.9095395533763122,0.7346707172288567,0.1973594983724472,1.0553489563472274,0.922888530336384,10.156995189135944,191.75,88.8631907297204,6.927400715882881,0.7387372681512231,1.8397709616137141,0.4829604927961444,1.6653225806451613,2.3249660372442933,PR,0
T112,28006.30240404047,84.57005577560223,282.404090698162,59.35084074568919,9.819094099659138,5129.6828075040185,0,0,0,0,1.031393600122883,0.15425095569095612,0,0,18.488856736080695,83.84848484848484,20.203939805727728,3.24900197250511,0,0,0,0,0,RB,-1
T112,44078.47520833325,160.35699879048818,499.3332602343241,297.79017562542003,45.54225805062779,27544.437981131177,1.7681516546019846,5.017455050071036,1.896143940308833,1.5738769999846194,0.9145356962524758,0.19900844662336936,0.8866990217347825,1.2901602180156697,20.721712133259146,77.7,30.604612238181243,5.199550548541551,1.1207676293375712,1.6003531523043337,5.369618164467687,0.9266714853632093,1.5147843703981423,ST,1
T112,45988.489980440056,159.9972833213271,571.4571566222646,303.9097097687546,51.804302611482704,24682.642311643882,2.02354418878814,5.1205628420828795,1.8918904788931807,1.6420764625395636,0.8965641738514702,0.2686062113701067,0.8692745172596099,1.7413584905643171,18.523209527045147,89.73349633251834,35.68894400240893,4.978546780019176,1.0018580267809318,1.5323311041822847,4.811728763333393,1.0701862591156868,1.766434880799401,DT,2
T112,103071.94785185179,239.06973860899623,1409.2618091900597,499.05883476868536,61.62766511208665,34553.57911704758,4.990231571030256,8.408622834966888,2.826884012508431,3.6803126083856608,0.7144171651086412,0.3587094278959113,0.692671706537178,2.32549241778826,10.95211823254126,145.66666666666666,52.7642503566807,4.966773163735495,0.5923631941594519,1.5287073402131286,6.736006964504795,1.7372605710155402,2.6115822391097336,PR,0
T113,91849.65537777792,79.67204169549335,592.0356887086754,303.80040575584314,31.112743774777137,41332.70607022943,0,0,0,0,0.9508922590580637,0.1782910282634096,0,0,8.281637998824351,184.8,28.613278791207957,1.3451315124755947,0,0,0,0,0,RB,-1
T113,10627.312526881635,65.76056776497202,273.41393387589846,210.53499607801723,55.45447511771722,5119.833709147485,0.4618200204657561,0.6930043281351606,0.8253907690267184,0.11570334677001742,0.8368811289149962,0.24449956194914846,0.880100895703994,1.3713508993168264,16.209616072568515,107.74193548387096,54.54132981037344,5.778281165808885,1.9572958966414142,4.29569979754208,0.12386882437477593,0.5830191314062281,1.9061544889127642,ST,1
T113,12439.8153333331,43.88036474657663,294.81477194130764,171.54807927564224,24.610954032290067,13649.217504799313,0.4979679055908705,0.5646736344832639,0.5507623981105875,0.13543671211577332,0.6033770226544984,0.3437644955608149,0.6345377374847836,1.9281087719844914,12.566635736768372,129.75,78.49628441312791,8.63293361999119,1.5174094470867132,6.417910471893596,0.33022801559635573,0.7021103896103895,2.7433516090874415,PR,0
T114,18270.313166666932,40.23157032613036,210.9922545173323,38.37732279708707,4.557397217936437,3974.37067284868,0,0,0,0,0.850582552072788,0.13705900654299025,0,0,11.713068508343811,130.0,23.056786085996126,1.7564678975553731,0,0,0,0,0,RB,-1
T114,6116.873891666624,41.5565833051886,120.93661319072714,55.67931903793537,6.301840842009401,2893.699428874302,0.5731803447827163,1.4508390627540482,1.0329346572434845,0.33479852457189874,0.936097039962044,0.18209928438793377,1.1005363767230651,1.328619614142731,22.230530576841296,71.3,27.899652140647937,4.967035995038159,1.8979254292763135,2.82785469745915,0.7280899712356741,0.5484615384615384,1.2100408112643763,ST,1
T114,9533.71689147285,49.60170038667467,191.7100463473553,103.68385578790978,15.791595157963815,7368.8922880354185,0.9086117724364473,2.7016959034927686,1.2329049048940162,0.5218146402036793,1.0980490971594214,0.39085233894819893,1.2909377161377003,2.85170853639307,18.488590837258347,98.42441860465117,50.71732833886333,7.261116012636487,1.5784583539392762,4.133930385373057,1.854102924615653,0.7571109123434705,2.1996703334844763,DT,2
T114,34820.73433333263,74.65867916561484,292.66202232921034,286.8854446692986,55.70463026010653,32854.4126424232,1.3870747198692508,7.475389729141655,1.8557237154902728,1.905864120427937,0.8225806451612905,0.3186889100522833,0.9670791425908519,2.3251949513607673,13.157894736842104,114.0,9.626352718795768,1.2319398067562584,1.1233516415847027,0.7013733689473372,8.266569816165232,0.8769230769230769,0.41750626834511306,PR,0
T121,36642.46428571402,55.38939858576844,464.60385722270723,170.54212338044925,6.857024218867772,14152.769561780995,0,0,0,0,0.8053977425920059,0.2711249365182514,0,0,7.5024311612949575,209.85714285714286,71.51758827098944,3.1879763475382386,0,0,0,0,0,RB,-1
T121,15788.584576923078,83.81659114495308,212.34014704225882,67.28900326147296,9.040334973389298,2353.3874126263036,0.4570348346042118,0.394559431580215,1.5132244307575606,0.430882171401301,0.8779735631734431,0.1002329995431985,1.0901117755158674,0.3696930309339181,23.617756834733292,63.82692307692308,15.457228921314645,2.6550711949891608,3.148013800723331,0.8328390507161109,0.16628458496077933,0.3041446300466042,0.21613185364619952,ST,1
T121,13206.016370967738,68.90903782118168,229.3084029974179,132.40514206523167,14.163028112842504,8441.39784752203,0.4935568214352969,0.7763779378415459,1.2440835174348135,0.3604019715485247,0.8628119490954879,0.1637781075778915,1.0712867735619747,0.604068772430552,20.844337534508,83.6958525345622,46.223397650115245,6.075574794550233,2.778344390821463,1.905777876690272,0.5964484767926765,0.39882298689035767,0.646322097369514,DT,2
T121,24108.916911111337,67.8103458764481,446.20921717361125,179.36391289971465,14.907660608751021,9425.378040039473,0.9604079050073867,1.0517279211985977,1.2242477370727591,0.6579502056173334,0.5085540203199225,0.20767281809063828,0.6314321402034808,0.7659672354654781,10.580944033255358,164.66666666666666,71.42915768419819,5.332434283831693,1.4103353707318833,1.6726705917844746,0.6659741048488729,0.7846607669616519,0.9987635127396051,PR,0
T122,22274.87638095234,65.07321142560947,284.51435742756354,41.80544109754343,3.690690350637198,4449.533058214612,0,0,0,0,0.7022143885322959,0.12120695343891728,0,0,14.20302519462999,107.71428571428571,19.4485709906987,2.38906285858969,0,0,0,0,0,RB,-1
T122,14138.769102564249,60.8272243528097,215.1830553056159,135.65043240818073,18.51051545710302,12885.907481966944,0.7563170352849445,3.2448032803115625,0.9347506142730683,0.6347406315868299,0.7645647679331378,0.18828115091238715,1.0887910877633267,1.5533857222743592,18.819279863988307,87.23076923076923,34.28709665494558,5.118185112144984,1.3250191143154257,2.142340078555467,2.8960134273364524,0.8098347276066109,1.762962259352804,ST,1
T122,21940.37830673757,80.99477122440793,340.1709130321322,224.07700685435927,32.23721399435,16618.217106992215,1.1956194974052887,5.359996234258762,1.2446714930766818,0.9849831680996081,0.8094310994139813,0.2662537928693429,1.152683728263928,2.1966874450278344,16.06391748050412,103.24468085106383,40.758102618857656,4.612137918003412,1.1310208396009684,1.930521794946009,3.734822708264207,0.9585049946385237,2.0956862403078493,DT,2
T122,43683.6206666668,180.7786706870601,1008.468724584164,472.46092719431175,29.67812288391826,20399.8681399198,3.5445266583459394,11.301421891278036,2.7780812830134107,1.9611161884616102,1.0066587791752704,0.4492094062934847,1.433549063668855,3.7061356097846776,12.805646951619531,140.63636363636363,64.14886532961377,7.256710597485662,0.9016140418071783,3.0374716058201323,4.584721109613535,1.30564263322884,3.298384511658622,PR,0
T124,13789.83383333326,49.871125117161405,268.2245399779469,121.82195716656813,7.311835847445819,7465.306862246202,0,0,0,0,0.8007893402773973,0.14752363735933188,0,0,13.181545060157788,135.16666666666666,67.85357133458152,6.181950886629301,0,0,0,0,0,RB,-1
T124,6247.8810333335305,46.82648917312531,161.94222758394886,93.87683672898767,7.47057643693719,7715.1348623173235,0.6037561947063589,0.7706068668772833,0.9389499246932291,0.4530787759190352,0.9470875401175862,0.24265827536273257,1.1826924916227162,1.6448772529359192,21.33599889824372,84.4,45.23781954803212,8.116195055151266,1.6186265571198768,1.312885722321972,1.033465201723262,0.6244143033292233,0.6666976941415124,ST,1
T124,9467.911947444207,52.24548048108564,176.3017127890736,134.78037366560903,14.4652309888428,12648.39503306474,0.657291509582117,1.1063717641748503,1.0476098214817935,0.6865863694860518,0.8993740320475572,0.2155683620966511,1.1231093957070029,1.4612462514842874,21.460120273587542,81.5658747300216,41.003476865287915,6.95536046841264,1.6280428565580198,1.1251076878427029,1.6942900360908972,0.6034466687794448,0.6042935700923162,DT,2
T124,7179.870208333596,48.17815610713286,235.19871079495118,84.13275541977234,4.283233021126808,3284.906933613027,0.8768724547511161,0.690620618619162,0.9660531218004149,0.5206640119896272,0.7609524860204206,0.23220368354662724,0.9502530163011698,1.5740100210587626,12.94204494840137,122.0,40.15420276882608,3.625540474350012,0.98183064954348,0.5864718987320898,0.4400230284203811,0.902589395807645,0.5917772930599089,PR,0
T126,29828.734888888896,129.44412545157846,374.25034515537146,37.54461580432883,10.289418866189576,1972.7564989981256,0,0,0,0,0.8297809141636026,0.13583820599851001,0,0,20.94625916945124,72.33333333333333,11.538089096553207,2.51498919781884,0,0,0,0,0,RB,-1
T126,22507.519006802835,143.84326172442698,388.6433798257225,187.62900509051545,28.27045944437573,11663.05481835915,1.038458307004034,4.997494342954021,1.1112382367497615,0.7545582838374688,0.9298364525758945,0.14801626397032022,1.1205806697942013,1.089651198514384,23.70175525188204,67.20408163265306,21.58852914262802,5.175718699302947,1.1315507489972012,2.057948679776304,5.912060015659455,0.9290886861657105,1.8710662538632326,ST,1
T126,33090.943585931265,145.0559149736614,493.33361072176814,281.03763778808815,37.48687167151601,24627.985722262787,1.3181914649055535,7.485431180139684,1.1206063965252937,1.1093646347789805,0.8099805745775406,0.28204842588432555,0.9761378705534337,2.076355645387567,19.940889944506456,84.5947242206235,36.57186270964591,5.734949262334965,0.9520024450756798,2.2803077115832866,12.484047440609237,1.1695123164141499,3.169663746189227,DT,2
T126,27906.148314814705,126.36217035760372,594.8288215035531,356.16137610819203,38.13111858053175,17411.152394060653,1.589387502786691,9.486350265625232,0.9761908461799789,0.935545822468309,0.8803068975384613,0.3652197525879047,1.060890751416942,2.688637927034392,14.009415808392028,118.05555555555556,41.21540973956222,5.6334756881667785,0.6688266241269397,2.2399601926928714,8.825799029379954,1.6321044546851,3.5721174793037926,PR,0
T128,14629.880981481427,63.843493314067715,189.72043714797883,23.867436639118196,9.387133449094788,1517.2994830940381,0,0,0,0,0.838910924156983,0.17616695567058419,0,0,20.24356070085564,74.61111111111111,6.836665854054885,1.96921610053767,0,0,0,0,0,RB,-1
T128,11947.196777777717,55.06041336475666,215.55477548427848,113.24411142121085,6.937866848867971,5409.593158091279,1.1361705608771568,4.744711932558618,0.8624279547783497,0.8166297998528174,0.7660951187365087,0.2036907563808365,0.9132019820892826,1.1562370230301264,17.414159723168613,96.9090909090909,46.12163156219849,5.4774053847523065,0.8602320501072998,2.7815156413035464,3.5652771376815973,1.29885602111961,6.746217022562739,ST,1
T128,13002.025288713909,57.962881960576375,222.68335513369084,107.58456617664069,9.63106134979951,6098.046632509873,1.1737446870839827,4.507587798528476,0.9078902007356862,0.8887307630986154,0.7799937198652223,0.2438312117086334,0.929769415804227,1.3840916463617334,17.4841172451554,97.66404199475066,48.490438874390264,5.188337220913834,0.8636878414584641,2.6347221208973575,4.01901318787435,1.308974501791148,7.092702774939655,DT,2
T128,16620.00230000019,53.97377374263781,444.49566811657377,131.0963495645884,5.643026873596039,3971.5409447120255,2.3428981863976754,5.4926866067269415,0.8454075887909608,1.1360312719589358,0.5176574937643197,0.11675980365949026,0.6170589497144895,0.6627792551392001,7.605518117212673,208.4,60.83013690232462,3.3982812380403513,0.3757006106584406,1.7257025458569493,2.6175062925701136,2.793149664929263,8.897632003799885,PR,0
T130,6759.8340666667245,44.07516608547287,209.50699320448146,520.6180577977411,73.10889504553504,24449.224610265093,0,0,0,0,0.7275888185107616,0.33711920429615794,0,0,13.178368586330743,119.73333333333333,28.889719918251497,3.452115599337976,0,0,0,0,0,RB,-1
T130,11556.458681159571,55.011701615971916,249.45993434509646,158.69670843486813,28.233550952996616,15995.569864481611,1.1906997973171254,0.3048236726673845,1.2481337338420992,1.7095772717477462,0.8469862722526815,0.5406758833985531,1.1641001767815842,1.603812172395766,14.679150804603099,113.6086956521739,46.16655066170745,6.475878412103538,1.1138822463828368,1.8759158625352634,0.6542362843591291,0.9488476808366417,1.5980269380369128,ST,1
T130,6431.490618599733,45.29053823150829,211.9515283884066,118.93724074462435,12.667468570656276,7472.099184183492,1.0116680362146158,0.22845392887011842,1.0275749873223055,0.9514272917310088,0.8512770397665588,0.3247805397654805,1.1699974190215894,0.9633996984644103,15.710910581915687,115.38557993730407,53.258185222043075,6.904648355038282,1.1921741662478482,2.0001208407859834,0.3056170207150989,0.9636880284295997,1.843499534531536,DT,2
T130,7794.371264957202,52.351206656835124,296.42541217459916,131.59726542868523,9.207091681361703,3593.7722455438147,1.4148712061620026,0.25277122730885077,1.187771058090012,1.1530418037022332,0.8075887231371544,0.35548285898997595,1.109952080888403,1.0544722889108555,12.765915474856941,139.6153846153846,60.614256102270595,5.93366706085153,0.9687022631995876,1.718849467842111,0.14698921143024538,1.1660527668322769,2.098125432637949,PR,0
T132,22475.283833333135,50.117273945202705,397.6226997011166,143.67476873735416,11.62584810918088,15166.668008209172,0,0,0,0,0.8435676735807919,0.2470764111889594,0,0,7.935490586922643,196.83333333333334,61.01011698890603,6.0915216938362065,0,0,0,0,0,RB,-1
T132,9426.944850877222,77.69476201120351,297.76516997004217,141.5559507795015,14.8439060280136,8456.993061025016,0.7488636091296224,0.9852526788351685,1.5502591401151131,0.419436075681327,0.8920195982001754,0.30430588013758325,1.0574369148283194,1.2316265995334368,18.161283501901853,94.92105263157895,44.56374647625579,7.367692048975989,2.2886150897628044,1.2094994353268238,0.5576038887676285,0.4822407415660234,0.7304320770989372,ST,1
T132,10336.575634020637,77.29540450625419,285.73500963555165,150.49694291443154,20.68560424469857,6647.524233851064,0.7186083939632516,1.0474834533372295,1.542290679871526,0.4599085693721226,0.8413523680709039,0.26893511024129346,0.9973738852503861,1.0884693886686614,18.481067427623124,93.61855670103093,44.692943858837836,6.2956174435639145,2.3289130300373806,1.0335048876103035,0.43829826236408675,0.47562348874359484,0.732549715762137,DT,2
T132,13529.892428571447,92.67378406423532,402.0184152690645,190.0265023535217,32.99801017428593,6932.340805378231,1.0110549915064007,1.322615682791884,1.849138565787978,0.6019898359861974,0.9785021966564825,0.39353111007888675,1.159956962910774,1.5927506320217737,16.11591208340628,110.19047619047619,66.2842877708813,7.607764845069328,2.0308652510992364,1.2489104081772135,0.45707737530919806,0.5598161364461111,1.0864474785867781,PR,0
T138,81892.12380952368,227.85800365641438,1035.1170077621098,279.2291446008084,39.29429312040271,18617.132240785944,0,0,0,0,0.6631613220666432,0.12691725669323886,0,0,13.607277445027497,113.35714285714286,28.815143588051058,2.7339877069818592,0,0,0,0,0,RB,-1
T138,46301.37292753618,203.02895423941212,603.0151169522354,280.4426087316314,42.00076016769338,24959.64841271643,0.5825574427145536,1.0043457645961629,0.8910327966603191,0.5653947018791512,0.9005612722576114,0.21107728521704397,1.3579822017531822,1.6631094203936452,21.352202470177513,74.30434782608695,25.961702229223896,4.7992566133566745,1.5691752120465685,1.7554053374492802,1.3406816952202478,0.6554888907153228,0.9009742446672931,ST,1
T138,70808.2748252611,207.54516997445256,880.1068460590475,620.4814141033594,83.8480221127148,57653.15953319086,0.8502486573588532,2.2221226763073463,0.91085310431934,0.8646530524712858,0.782724964006484,0.21455853913632306,1.1802934489111012,1.6905387393844689,16.668903449094415,104.01994301994301,45.48185839494561,5.684446967989625,1.224999160664996,2.0791779544118274,3.096779825567644,0.9176302471828621,1.5784012408602341,DT,2
T138,127540.65792592615,246.9026900669678,1845.0858106951641,357.92352400068177,44.68331737543389,16303.569875899882,1.782490092288389,1.2818272408934117,1.0835813800917469,1.5574227653758048,0.37990864097249033,0.22977308958504136,0.5728751486720634,1.8104164521961483,8.039268608559029,194.66666666666666,55.15942334244507,4.4340626643647285,0.590806547528493,1.6218297737920846,0.8757293908125351,1.7172862843940346,1.9142512052349567,PR,0
T139,4063.893785714305,37.19122299631274,206.34976729767558,53.63928800240569,3.4024363369095103,1488.4797022887183,0,0,0,0,0.8392124810264392,0.2143745129299068,0,0,11.525903208751538,136.35714285714286,30.70722380401719,3.3493264909528864,0,0,0,0,0,RB,-1
T139,2104.6208585857444,36.237818142682066,146.66506920538805,53.927694093800476,3.8614212997525015,1250.2112470831285,0.7107595570670661,1.0053767695682658,0.9743647888716863,0.5178828408321252,0.9776210809399408,0.28068586061445666,1.1649267653219533,1.3093247736321687,16.28312730340826,100.72727272727273,34.08172650604211,5.114289163500491,1.4127419785240427,1.5269604731921704,0.8399249550805273,0.7387018429449022,1.109892796677486,ST,1
T139,4042.9353333333306,41.53660088029979,200.31025216695556,113.8223445584738,7.7472413141749135,6281.384953158175,0.9707316600846584,2.121995813094479,1.1168388004991894,0.9948427657104009,1.0037756074661677,0.3567299685085336,1.1960923248406072,1.6640502811319375,15.187700847116062,118.50961538461539,56.030119625480445,6.459865471176215,1.3177015780927386,1.9287058125343814,4.220000409478063,0.8691118991014224,1.8246559826795692,DT,2
T139,3517.898027027026,42.954581973091535,198.0862341082688,181.0993157056163,26.793270190409924,6223.123860562367,0.959953755714752,3.3762438401026893,1.1549655674767725,0.8656471385628721,0.9317278114024998,0.7569261791347607,1.1102406511672769,3.530859003664535,16.084252472058846,109.94594594594595,61.73357956166469,6.757111211620414,1.3954873800993042,2.0174537268530095,4.180859067808287,0.8063086659210285,2.010392732200967,PR,0
T141,25164.0287111111,82.61362887790277,333.20029994690236,105.59373127169526,17.765471930114604,6140.027154875334,0,0,0,0,0.7278008185248747,0.14620388239617624,0,0,15.552724157786502,100.53333333333333,29.718285121928474,3.566846647250567,0,0,0,0,0,RB,-1
T141,16458.041797101396,78.8259829369742,219.52656413132453,33.26813590662471,10.957083939437261,2860.4915871434055,0.6588426365951877,0.31505786854927,0.9541522870696498,0.6540304808122556,0.9272352239357271,0.12148632443106587,1.2740233321186298,0.8309377455645677,21.764675900696236,69.32608695652173,8.906926143924924,2.2504292105801573,1.399412455328587,0.6309296230368794,0.46587604826341916,0.6895830930688501,0.2997119822823389,ST,1
T141,17268.01373513509,78.63664040149371,307.2006968033737,192.58356109566728,24.798469054423656,11415.558869957202,0.9219700488034619,1.823816232046437,0.9518603827186096,0.6862181701259327,0.8743441644577008,0.23629682344830133,1.2013508946442846,1.6162144231436726,17.75687347278867,97.6108108108108,47.02276453725959,5.860519998359187,1.141721108960751,1.6430535366236316,1.8592033197919922,0.9709298157574019,1.5822839152506318,DT,2
T141,30984.909760000035,138.99954569300436,841.8029852173354,315.6120446363392,32.13824460826547,13042.664115658585,2.5264172491785937,2.988927854289585,1.6825256023850022,1.2313175332818924,0.9126368226046153,0.3935439396357721,1.2539650950851786,2.6917475321849915,10.972399258039866,150.44,46.98693744871363,4.0266594869129095,0.705496937174605,1.1289129825687292,2.1242030021483513,1.4964190981432361,1.5810783581870609,PR,0
T144,4388.468941176584,39.12811499689144,149.6769509540933,20.417705892473695,3.4024747609644965,818.4387727889305,0,0,0,0,0.7328323580777886,0.12779169820998756,0,0,15.746499262409616,95.76470588235294,8.251584251480427,1.3867078057309197,0,0,0,0,0,RB,-1
T144,5298.485744444467,41.91914538429331,163.92141730113963,54.42050753773004,3.4946562038060396,851.674785582558,1.0951680686722112,2.6653585777131967,1.071330560841574,1.2073654423594713,0.8697418521677943,0.16791396669949193,1.1868223920258079,1.3139661578295594,16.05914211018042,98.1,30.777172953343197,3.5361952236961205,1.019854752638077,2.5500651320212535,1.0406090399167818,1.0243857493857493,3.7298501736586434,ST,1
T144,10604.757282051329,50.64884465974195,203.29043518649445,93.23606762771959,10.081444758318696,4619.634951370499,1.3581946578324187,4.566432101565727,1.2944361021164903,2.416505032665927,0.682141145669636,0.28039383778058663,0.9308283649740644,2.194147520599053,16.434938138068848,103.76923076923077,58.3756417999456,6.701830377883106,1.043720122433987,4.832907372545321,5.644447825496496,1.0835853335853336,7.074476854486743,PR,0
T145,6110.689314814906,47.24907715052136,198.49184652503087,189.88258557753954,38.26004358029051,8972.510271774652,0,0,0,0,1.0533922527645874,0.6677646736287867,0,0,17.824475323779527,90.33333333333333,63.79702187406556,5.035796722651099,0,0,0,0,0,RB,-1
T145,16269.892344444494,80.7656271840177,424.1410582132097,259.17459405207035,40.91220004667539,12561.381215642787,2.136818542618189,1.364920291472622,1.7093588288872328,2.6625297910334544,0.9791035185843711,0.3631961022287,0.9294766655201342,0.5438983470853721,13.609480812641442,124.5,45.93979586099616,5.164523994933372,0.7635277092552123,1.0255624441120221,1.3999851585746137,1.378228782287823,0.7200931095448418,ST,1
T145,12999.031525974024,76.26860091288482,335.49403940283196,228.64706823616038,34.797751635645376,12710.342620335547,1.690215720576333,1.2041497514936206,1.6141818107878803,2.1272610758427617,1.015982753836613,0.40794918558691334,0.9644866393978174,0.6109175907285178,16.994971390769955,109.69155844155844,58.01431064258221,7.667264930901758,0.9534626451583158,1.5225525082087348,1.4165871350762573,1.2142976949250013,0.9093576618216076,DT,2
T145,41742.26792982436,114.25284160755567,690.5459857225424,333.2133358378538,42.09992459466987,25331.254400611375,3.4789639867422,1.754838838034383,2.418096786178076,6.831024419556625,0.4554151276798136,0.1592168039515955,0.43233195088021026,0.2384325051014975,11.355938746030409,149.26315789473685,57.18335866260837,5.194826028951672,0.6370980654269536,1.0315797708007666,2.823207066176048,1.652359681491552,0.8963327281246377,PR,0
T151,12944.618066666648,72.90560345887069,208.0442103903727,56.819325788515656,13.55426135752803,2001.0837793768,0,0,0,0,0.7873332325679119,0.22640856046923008,0,0,21.54047554727976,70.0,7.8532457867912875,2.2889524823409197,0,0,0,0,0,RB,-1
T151,6576.410731883962,62.22251101549167,171.92910240772335,52.65610173712391,9.79687022390729,1786.129489740893,0.8264065704357587,0.9267287319302684,0.8534667853149884,0.508042083436877,0.919769556382021,0.19365595815444017,1.1682087308599485,0.8553384984785453,22.487076453596615,69.32608695652173,17.572024404338467,4.213125460271796,1.0439452185834586,1.840634741339417,0.8925810643955894,0.9903726708074534,2.2375492734346367,ST,1
T151,12029.237363484068,69.89860447216655,272.7486852533006,186.12142851441502,23.069888925776706,12064.701239743492,1.3110131002517056,3.275671189890007,0.9587548988823539,0.92928484266834,0.9634765299551201,0.28824475118946796,1.223721405500326,1.2731177239592126,18.31573363806126,95.19095477386935,44.82836044291604,6.10720989759346,0.8502938385858553,2.6681243689897816,6.029083521680844,1.3598707824838479,5.708258936491558,DT,2
T151,13517.609025641274,65.09381167354167,336.1629304425493,222.83726882118322,21.135942416809158,10682.322547899492,1.61582449139909,3.921856969063564,0.892850598380466,1.0442648022540055,0.8487883847873198,0.36613535594880264,1.0780548180583842,1.6171444895457565,14.000212097379462,137.76923076923077,73.68551794997138,8.51635241816726,0.6499490722314846,3.720633120988845,5.338268521284151,1.9681318681318682,9.382810617478219,PR,0
T152,11678.594372549094,50.06319253146046,205.22972463180042,16.18988422477701,1.9180350488793017,1655.1031963295468,0,0,0,0,0.6920045774600532,0.06936341718848044,0,0,14.701788663921484,102.58823529411765,8.640560154202582,1.1905497682800075,0,0,0,0,0,RB,-1
T152,11748.754410256417,54.14921180623673,190.52089153056053,25.145767788607166,5.1809254637508175,1323.4690825419684,0.9283299087028997,1.5531777398459752,1.0816172335036076,1.0060075755240063,0.7644639611304749,0.16392247006063485,1.1047093993747528,2.3632409806917405,17.21464537611346,87.84615384615384,9.441702525467376,1.8517833735906966,1.17092183608642,1.5554019016491651,0.799629343642723,0.8562985179957656,1.0927188002823098,ST,1
T152,14349.53139350525,57.82773004374318,244.68984520802616,78.04511957763926,8.63604890291553,4477.732528505377,1.1922729304783728,4.82061011024396,1.15509473366892,1.2287036381051368,0.7773021670614328,0.19061594716845215,1.1232615973646556,2.748076073739181,14.954071512951192,106.89684813753581,32.839344223627755,3.4777681731958325,1.0171600105808087,2.9211447230972793,2.705409873194286,1.041999093083778,3.8006036226315034,DT,2
T152,15994.910777777557,51.40701870915144,338.82950711367135,113.20021267848846,5.0082698014410365,3912.100304542811,1.6509767662630757,6.992033488741493,1.026842598518792,1.369592115929131,0.4869039234786391,0.22353775541784252,0.7036137322469463,3.2227039047171777,9.511978921603525,165.86666666666667,51.9104899026942,2.5236184489717246,0.6469946711277474,2.1197084878002266,2.3636594462620293,1.6168195718654435,6.007769053890107,PR,0
T154,5974.779319444516,43.43598889109672,117.06919176028265,16.614220345932473,3.1390199597054687,719.4638210500244,0,0,0,0,0.8685196935405582,0.0838212849492187,0,0,22.390845504467688,67.33333333333333,7.901108453432304,2.1108401692906935,0,0,0,0,0,RB,-1
T154,3958.2800444444797,42.99116805303728,92.05389823210085,14.238802477071898,4.562594351157721,613.3336997526088,0.7863204387760317,0.8570250171599457,0.9897591640154734,0.6624981163007183,0.9767404820258566,0.15826010156138362,1.1246037243486462,1.8880658016309588,28.36929202696606,53.28333333333333,5.99629177812834,2.8412643772873842,1.2670040540141945,1.3460348247220137,0.8524872020075679,0.7913366336633664,0.7589177915313267,ST,1
T154,5487.408054569422,45.502159163169026,129.02449364507592,43.09706972723249,4.8936669089232625,1539.7241089445884,1.1021216744134836,2.5939868877316052,1.0475681646676132,0.9184285747108724,0.8942115055400104,0.21797853679909523,1.0295811507678292,2.6005153336787044,22.354904211765803,70.75936883629191,21.118429705545434,4.5531359133922,0.9983948219956806,2.157025425057262,2.1400994238979685,1.050881715390474,2.672843921838767,DT,2
T154,7324.731749999977,47.267981773262065,233.15252908109954,94.75978948338395,3.3185964334379907,2498.24690258116,1.9915788737870126,5.703535134983523,1.088221610235995,1.2259418061119232,0.5923819085783182,0.1653623865886454,0.6820592704852179,1.9727970847598746,13.707420144304587,126.5,53.299178878626286,5.717562668370411,0.6121885902687113,2.708666791333465,3.4723732166755563,1.8787128712871288,6.745784998745676,PR,0
T156,13828.042527777687,58.3747610548426,226.10478960485514,60.610189994145465,4.497131789477117,4869.853429698287,0,0,0,0,0.6807836043577603,0.16185457109024365,0,0,15.969305233224,96.41666666666667,26.292797958562645,3.1231810337931574,0,0,0,0,0,RB,-1
T156,18634.293135135184,78.9292410036484,248.2283374858017,61.1758979180607,16.786443737400212,4482.984075400103,1.0978464362458225,1.0093335448044278,1.3521124468414532,1.3475727383469303,0.8081863695640349,0.1575210280453404,1.1871413535677966,0.9732256987509668,19.708392857734733,78.43243243243244,21.133867799785957,3.891074633235356,1.2341421602194436,1.2458690646278607,0.9205583166140275,0.8134738022378472,0.8037892290159784,ST,1
T156,21203.37741465597,76.02612198977116,285.4375088614525,138.0259183761629,18.262578780829916,13144.490787680332,1.2624124829920158,2.277272491465466,1.3023800117716156,1.5333607321544431,0.7328372216041558,0.15883563057925015,1.0764613262029157,0.9813478205115983,17.092314186740573,93.67828418230563,31.609154679547437,3.931645764521653,1.0703229687901614,1.258859387906375,2.699155319032816,0.971598453057621,1.2021982114403857,DT,2
T156,136014.49416666664,279.580505416336,2472.6284329637015,1246.1334572478347,52.45180620969403,8076.711833333597,10.935763179917206,20.559801204520276,4.7894072774648695,9.836135077936126,0.9546102903718798,0.10692817116658176,1.4022227977603001,0.6606435051313001,8.234126984126984,207.5,72.5,2.8769841269841265,0.5156221177985849,0.9211711059509028,1.658512304308508,2.1521175453759724,2.7574090864829124,PR,0
T157,30359.41598039208,96.36561054596439,366.1885457655126,56.6360768228122,10.82979014142113,4131.560923035207,0,0,0,0,0.7446876039581513,0.1119864305787565,0,0,16.188300850557727,94.82352941176471,18.640200205789405,2.9325029154568174,0,0,0,0,0,RB,-1
T157,18028.180524822663,86.34130968147996,244.19381554937792,31.812866411113383,11.930891366067149,2796.485756892386,0.6668526866095547,0.5617067458722638,0.8959763674230752,0.593825010878547,0.8825514167643518,0.13148559420198797,1.1851297269800505,1.1741207709046348,21.225590238889,71.1063829787234,6.889259095055179,1.906829478863272,1.3111685058755087,0.6502395850359218,0.67685937808657,0.7498812100733857,0.36959147535955456,ST,1
T157,19692.488745143724,87.48588128505257,305.68604173440553,124.89585062344544,19.770703963271085,6861.671748435998,0.8347777265817332,2.205234854352397,0.9078537539418549,0.6486451767669809,0.8490989406169566,0.16329033173183868,1.14020823779507,1.4581260505218245,18.75534973127123,89.36829836829837,39.367750496804135,4.900345110947578,1.1585743250271423,1.6710452648208929,1.6607940379577275,0.9424696478046354,2.1119810979592923,DT,2
T157,47145.3293333335,133.19856738853116,816.159630916371,320.8590523548018,28.69896259986817,16525.834937465414,2.2287961771447535,5.665276805076378,1.3822209669392196,1.55290633271018,0.5971656318001629,0.3956717978388766,0.8019008623564002,3.533211977504839,11.105052100180455,152.77777777777777,62.18421048029678,5.35502867323078,0.6859924461928849,1.8260949187825746,3.999901065315741,1.6111800385993933,3.3360269628962014,PR,0
T162,5076.387701754214,43.76457388572023,148.14312730266,21.531772553161904,3.9364231526373628,787.5868673766088,0,0,0,0,0.7827608324495618,0.1324421769809793,0,0,18.108485405282277,83.94736842105263,12.2337401923112,2.4125503048411474,0,0,0,0,0,RB,-1
T162,5264.143063063104,48.30845644396526,164.4284333994662,103.10476890281181,4.765811932455577,1950.8915360335056,1.1099295417433368,4.78849424255464,1.1038255866516649,1.036986016896229,0.8317098234410474,0.17847416876591352,1.0625337765538232,1.3475629352690655,20.361678849724406,84.32432432432432,55.03899759037036,6.809725059597814,1.1244274931897325,2.8226251058612415,2.4770493476253295,1.0044903838007286,4.498950993332512,ST,1
T162,7328.550505003875,54.21552230939322,172.43087524316957,90.60722893288774,8.84933333124264,3586.6425211614483,1.163947854907161,4.208071059137313,1.2387992729224993,1.443654609452189,0.8968670576812451,0.2176430243580262,1.1457740608642881,1.6433060020546404,21.35949094312707,80.0323325635104,38.1887250866218,6.4680356278174465,1.1795294010009512,2.680995134003363,4.553964355840872,0.9533632092205,3.1215903302101413,DT,2
T162,13241.764666667023,55.55772876126186,287.3802713943979,101.0768183069502,2.7359415811366974,2138.013240416791,1.9398825759042675,4.694310143644316,1.269468061229989,2.6085014472182952,0.6420550980111559,0.18573814575726938,0.8202442833041567,1.4024093381064267,12.003093162882696,132.4,43.49337270651421,3.947995401294826,0.662843572736424,1.6364406550912434,2.7146380024572383,1.57717868338558,3.5551983304214203,PR,0
T166,22636.57008333318,68.01344933785235,330.1893141989256,413.3383419191102,49.99642565009159,36893.27474337576,0,0,0,0,0.7805388040059952,0.29592428464459813,0,0,15.573941457912492,104.41666666666667,80.48034999112441,5.223428241618308,0,0,0,0,0,RB,-1
T166,7317.782536585293,48.950156555820456,154.2803501117224,146.40982297061188,20.045729714856893,15583.854351247428,0.4672481618189945,0.354213021445913,0.7197128954990029,0.323272585451151,0.8935086748153256,0.1993180438591222,1.1447331897268014,0.6735440590774799,19.63282993521036,80.0,24.2211730608913,4.0623384570136025,1.2606205043383998,0.7777149927410547,0.42240366190441064,0.7661612130885873,0.30095760099903235,ST,1
T166,10040.05741044774,53.81681858650558,201.43061673087186,94.29763281956146,9.886810774724994,7575.467122725025,0.610045837550994,0.22813666978423064,0.7912673024297601,0.44353262766782936,0.8473718838411117,0.2694402092808569,1.085624288622303,0.9105038797490096,17.69052260616723,92.77363184079601,34.468735345270844,4.962856014903567,1.1359052975750972,0.9501147111319345,0.2053346355241943,0.8884944789222283,0.42828759254988513,DT,2
T166,10349.868971014597,91.59509499683553,326.70979558049936,159.8904643594755,17.832280296304038,5079.155499008317,0.9894620495915565,0.3868270812165929,1.3467203308840123,0.45721895732936074,1.0563044558138015,0.4385094282866194,1.3533016557184365,1.4818298160736096,18.75797427596141,89.78260869565217,42.707264019133795,6.660280734803599,1.20444617867953,1.275078440196994,0.1376715819980249,0.8598494049064852,0.5306545513761268,PR,0
T172,10339.704358974543,46.3624637935293,196.26904868498826,111.15988458612118,4.188428973909356,4730.856513725089,0,0,0,0,0.7838165994949011,0.27918936371141057,0,0,16.666320560709856,105.84615384615384,56.37824639581003,5.620158536651204,0,0,0,0,0,RB,-1
T172,2879.114348484775,38.74024540006409,100.19327148318288,19.898037876337714,4.5876366230935846,686.7758233792041,0.5104894131524174,0.1790037651660361,0.8355950532005803,0.2784522892074562,0.9429185429659782,0.16531898250848076,1.202983636189389,0.5921392574230224,23.80296672725856,64.25,12.053911663415075,3.471770004710559,1.428207662306283,0.6177352439561656,0.14516944688276648,0.6070130813953489,0.21380430279418744,ST,1
T172,4556.742723419516,41.183521482685265,129.63858710536812,51.795243371123675,4.201767879747676,2244.4346803513154,0.6605146760222902,0.46595265516846845,0.8882944975938305,0.44070338621088373,0.8931439120216721,0.19894218204450095,1.1394807313308017,0.7125707777683872,20.791579841378194,78.30172413793103,28.792807600039616,4.985012982743002,1.247520696943359,0.8869879648828097,0.474424593905944,0.7397691960705693,0.5107077541556785,DT,2
T172,8651.097904761855,46.471556333855524,341.13258901549483,97.06346121729554,11.474120741934302,4509.263753041205,1.7380865261287963,0.8731878553013032,1.002353035869967,0.8366871628445518,0.9923795076359434,0.2416485394630993,1.2660863629010182,0.8655363379562122,9.156451271915268,179.57142857142858,57.40069255830316,5.125064728470569,0.549398485320222,0.9119075013717248,0.9531601180376106,1.6965323920265782,1.0181354729502392,PR,0
T173,15300.848969696894,69.78161233932195,217.98509834709273,87.99585266086088,10.616838545404235,5386.283156563368,0,0,0,0,0.9102645176603996,0.11640080304627261,0,0,20.03753357062354,78.5,22.523097712249875,4.656952228116671,0,0,0,0,0,RB,-1
T173,7019.351450980184,66.95769893109409,149.33916613249377,77.44727239743885,10.097024372738716,2523.376174224657,0.685088876555701,0.8801241201210173,0.9595321272530043,0.4587556850526338,1.0279871090489334,0.18189519127335327,1.1293278921726064,1.5626626837019741,28.373251783099356,56.254901960784316,22.292722313305017,6.152683018253392,1.4160052025912298,1.321182334898379,0.4684819013181359,0.7166229549144499,0.9897715935042292,ST,1
T173,9128.045612926662,62.38584857900673,195.81790372076023,115.23867201019135,12.818752321714948,7996.243222437292,0.8983086697466073,1.3095920833260775,0.89401557928538,0.5965711857560729,0.8870594878380508,0.1986616934716984,0.9745073773918033,1.7067038050650283,22.137483088213077,77.64488017429194,35.981854343826114,6.823840063303597,1.1048007984709363,1.4653017100120098,1.4845567880503274,0.9891067538126362,1.5975535338665374,DT,2
T173,19159.630833333453,84.99716906381255,401.7070510597562,237.67504912712064,16.824565331209964,9075.528599168516,1.8428188628753293,2.7009801250875842,1.218045359148525,1.2521939711501513,0.7377705148268529,0.31275191282994846,0.8105012339963573,2.6868535666856244,13.488602734113524,121.6,51.54986798129447,5.826362122222519,0.6731668189885796,1.2511105626219343,1.6849334383970658,1.549044585987261,2.288755687156545,PR,0
T174,8183.654923076813,40.622313023018904,203.3344197906385,46.17264477430466,2.036932296214256,1770.9296381496763,0,0,0,0,0.5572944411490233,0.09886119165754528,0,0,12.151183094719935,126.0,26.04730738909921,2.215258918687143,0,0,0,0,0,RB,-1
T174,4187.191517543832,37.30764697028478,128.34768596900116,30.355977703612712,3.2345930934135403,714.053081838617,0.6312147549891122,0.6574450706039259,0.9184028233238258,0.511652990858218,0.6807974573598402,0.1310425113500285,1.221611785605074,1.3255202486731008,17.845584449835627,86.02631578947368,16.406077380044263,2.767566231167821,1.4686293763106975,1.249319530020445,0.40320804760186996,0.6827485380116959,0.6298569420235045,ST,1
T174,5640.520534359001,40.76990822066054,172.40669386322895,69.00636546713709,4.755152936164757,3256.477721752209,0.8478972425856183,1.494529191568847,1.0036333528708226,0.6892422257998058,0.6979227102691915,0.1923222415647178,1.2523410584003358,1.9453765258153186,15.59240319088361,105.43384615384615,38.28003538103265,4.505283059146939,1.2832004150821323,2.033750105300089,1.8388521212817246,0.8367765567765567,1.4696350301856087,DT,2
T174,14761.403166666743,61.04285206083005,468.45641796664506,192.294104171759,8.574528652965123,5719.232685972955,2.3038717126642263,4.164675970192025,1.5026926710509987,1.8037665695118155,0.7033807979445729,0.3484917032657887,1.2621349613578603,3.525060718193266,7.964745055704054,195.5,57.62291210968082,3.2075780931059206,0.6554707466440023,1.4479472652374505,3.2295087070475543,1.5515873015873016,2.212240645411049,PR,0
T175,5659.9320933332665,43.10598370770092,144.3554758103393,33.38003785606783,4.289888685582161,828.7940384554229,0,0,0,0,0.6939180265828052,0.12527537971830874,0,0,18.076997625462557,83.68,15.154168865998702,2.3431681687403536,0,0,0,0,0,RB,-1
T175,6675.253683760571,45.00229583064848,163.27230453429542,73.18392376662827,7.634484122002461,5385.05950591913,1.131043374820155,2.192445798958999,1.0439918535627521,1.1793875922333474,0.692514021152515,0.13733115562669485,0.997976698433381,1.0962341996926646,17.384887514671185,90.3076923076923,25.629423342489208,3.4410636711461753,0.9617132155941376,1.4685517313919603,6.497464093678768,1.0792028239446976,1.691245727107724,ST,1
T175,14046.105377300608,57.190289765882106,269.51979720709465,187.61711477121435,25.569492704112548,16665.02434793533,1.867056276834291,5.620638166445616,1.3267366812386423,2.481673833833672,0.7248005325130974,0.22828240040185716,1.044504544841374,1.8222447292929191,14.919604006004276,114.6319018404908,48.73629400519796,4.947803099829948,0.8253363924211121,2.111586853149256,20.107558180549905,1.369884104212366,3.216032131893899,DT,2
T175,22338.069941176596,68.18379324212421,377.3426342118355,126.6675949946298,15.221054751722475,11174.870555565538,2.61398213052621,3.7947109449309426,1.5817709602563395,3.9467028177755368,0.4922711112297559,0.18826692943351778,0.7094081611540513,1.5028246560245944,11.859561395900785,138.76470588235293,45.14458152422315,4.559461185873739,0.6560581376188194,1.9458531601361015,13.48329022297448,1.6582780339669325,2.9790206195678417,PR,0
T176,4943.160222222097,41.40820479914842,143.6862171364388,36.317301069187,3.857312398965653,1286.5810978599638,0,0,0,0,0.7259888638120687,0.13347706000787066,0,0,17.613292143452604,86.42857142857143,17.99621888452923,3.9070275155111025,0,0,0,0,0,RB,-1
T176,5170.8100882354465,51.05597675936203,190.9601747306449,96.44789442562957,7.651292953290902,2853.525605377023,1.3290082969427512,2.655701045677639,1.2329917949114284,1.0460535074282933,1.016995541870493,0.28174348090219264,1.4008417932616595,2.1108007689529518,18.47931747037589,93.88235294117646,42.47819883826538,6.644523304695723,1.0491688504267054,1.7006594599901383,2.217913515225304,1.0862421001458433,2.360395764844943,ST,1
T176,19756.17720000013,64.93860930124752,383.06086871103315,177.9714425959851,21.533673452448923,9629.683657196992,2.66595416279415,4.900458937103752,1.5682546397805446,3.9966694001108345,0.7647939322538979,0.31885942405634377,1.0534513273909865,2.3888705972212887,11.26219736732794,142.4,47.00351666112225,4.096168344358305,0.6394146690807283,1.0484104163833767,7.4847078611791655,1.647603305785124,2.6118551326095316,PR,0
T178,30131.543000000263,66.75137547885177,364.88027732606326,673.7781950951994,106.25113877876277,90136.78516549266,0,0,0,0,0.8039406810637887,0.3332470980829775,0,0,12.731109851279408,128.71428571428572,41.06213298687854,4.477170459889646,0,0,0,0,0,RB,-1
T178,4362.113855555561,48.63161041131072,209.44943278115952,208.0222218178687,63.25141216329078,14847.433069494084,0.5740223459488109,0.30873991371667475,0.7285484390762589,0.14476901682584004,1.1047199979125528,0.5256418899417473,1.3741312312380654,1.5773337351338739,16.665517291400693,107.03333333333333,50.33092636180562,7.6623629549537995,1.309038841552836,1.7114298022824583,0.16472112958359836,0.8315575286718461,1.2257260570922837,ST,1
T178,6229.8105918366855,53.35336964575017,234.78823237827194,223.55360036803742,33.03123614368556,17027.937882461203,0.6434664928969596,0.33179108792093087,0.7992849475087391,0.20675378595236996,0.9846838706500138,0.4538918249248229,1.2248215494544479,1.3620278392095864,17.174028112402777,107.75510204081633,51.70644118145566,8.503903175039875,1.3489812210423178,1.899392317363204,0.1889121944076175,0.8371650547011257,1.2592244342976173,DT,2
T178,6701.882912280822,42.01886736108038,225.01668463967556,100.10336378173453,5.34673996951439,4364.879901184903,0.6166863451449222,0.14857020383034322,0.6294831688433572,0.22242083361880152,0.7227403762732191,0.7382500168875964,0.8989971440640074,2.2153231675066962,12.855875745463742,132.31578947368422,52.83259833390762,7.095660518832369,1.0098000799334705,1.5848537781622154,0.04842506744800039,1.0279806063438286,1.286650119972831,PR,0
